{
  "metrics": {
    "MAE": 8.09,
    "RMSE": 9.55,
    "R2": -2.651,
    "Train_R2": 0.8067
  },
  "predictions_sample": [
    {
      "tempo": 0.02145121621374115,
      "mfcc_0": -1.7600192506204857,
      "mfcc_1": 1.1871682019465586,
      "mfcc_2": -0.10522447172727294,
      "mfcc_3": -1.701075593778335,
      "mfcc_4": -0.5094671785808291,
      "mfcc_5": -0.8466502358547336,
      "mfcc_6": 0.3278361173907835,
      "mfcc_7": -1.2288589726999382,
      "mfcc_8": -0.027853985116420236,
      "mfcc_9": -0.3403908784336499,
      "mfcc_10": -0.3264007853532285,
      "mfcc_11": -0.212819136428596,
      "mfcc_12": -0.5966541199185557,
      "spectral_0": 0.30481669769584263,
      "spectral_1": -1.3278151827042752,
      "spectral_2": -1.2820396290806493,
      "spectral_3": -1.2870473067872337,
      "spectral_4": -1.3147062660809161,
      "spectral_5": -1.270873119724128,
      "spectral_6": -0.8741022951718047,
      "chroma_0": 0.6821456545318654,
      "chroma_1": 0.7092804084511484,
      "chroma_2": 0.7847629456036359,
      "chroma_3": 0.9842463332353092,
      "chroma_4": 0.9926359905038483,
      "chroma_5": 0.6032465436745212,
      "chroma_6": 0.37390269051501035,
      "chroma_7": 0.2789871839134482,
      "chroma_8": 0.517784620346751,
      "chroma_9": 0.32288903448306755,
      "chroma_10": 0.0033421270314672445,
      "chroma_11": 0.2872538988735217,
      "artist_popularity": -0.09379580992210836,
      "year": -0.8250286473253902,
      "duration_ms": 0.7372736356521391,
      "actual": 81,
      "predicted": 77.98333333333333
    },
    {
      "tempo": -0.7761850200901801,
      "mfcc_0": 1.8113006478996494,
      "mfcc_1": 0.9739757917976909,
      "mfcc_2": 0.9210034895048467,
      "mfcc_3": 0.8679565562679127,
      "mfcc_4": 1.4829190666729555,
      "mfcc_5": -0.0739741679283234,
      "mfcc_6": 1.613441492955451,
      "mfcc_7": -0.036915692727649885,
      "mfcc_8": 1.3330840932749848,
      "mfcc_9": 0.7887150324996289,
      "mfcc_10": 0.7264992213579963,
      "mfcc_11": 1.6795141955873343,
      "mfcc_12": 1.9694522381818527,
      "spectral_0": -0.4394979409389486,
      "spectral_1": -0.8476327129982153,
      "spectral_2": -0.6606376018705485,
      "spectral_3": -0.30754484515199343,
      "spectral_4": -0.6593530167526812,
      "spectral_5": -0.4651002497472667,
      "spectral_6": -0.6740794790850574,
      "chroma_0": 1.5072221507598336,
      "chroma_1": 1.4577303790608762,
      "chroma_2": 1.0997569156022236,
      "chroma_3": 1.5160266986366595,
      "chroma_4": 1.1351487373843305,
      "chroma_5": -0.16118874009188736,
      "chroma_6": 0.16594848422979008,
      "chroma_7": 0.712900659654881,
      "chroma_8": 1.847413226916767,
      "chroma_9": 1.454140892604219,
      "chroma_10": 0.7667025870419044,
      "chroma_11": 1.5621511276594715,
      "artist_popularity": 1.1568149890393364,
      "year": 0.641688947919748,
      "duration_ms": 0.4602782015771454,
      "actual": 91,
      "predicted": 77.83
    }
  ],
  "model_info": {
    "features_used": 36,
    "n_estimators": 300,
    "max_depth": 15
  }
}