{
  "metrics": {
    "MAE": 7.81,
    "RMSE": 9.41,
    "R2": -2.5429
  },
  "predictions_sample": [
    {
      "tempo": 0.505397046566875,
      "mfcc_0": -1.657312550974944,
      "mfcc_1": 1.0936840099713716,
      "mfcc_2": -0.8000379445971513,
      "mfcc_3": -0.9630030107999835,
      "mfcc_4": -0.8710944131134009,
      "mfcc_5": -0.1137689371350745,
      "mfcc_6": -1.0000676501215833,
      "mfcc_7": -0.14590429289777737,
      "mfcc_8": -0.47104121178410413,
      "mfcc_9": -0.4386681906535833,
      "mfcc_10": -0.38506956730176467,
      "mfcc_11": -0.17936017971117915,
      "mfcc_12": -0.26953607174856986,
      "spectral_0": 0.14316758221787318,
      "spectral_1": -1.5248131095330342,
      "spectral_2": -1.5108092613365005,
      "spectral_3": -1.3586380914047211,
      "spectral_4": -1.2063317175339348,
      "spectral_5": -1.36060228602847,
      "spectral_6": 0.28013213630080525,
      "chroma_0": 1.029312543409983,
      "chroma_1": 1.1947105017218373,
      "chroma_2": 1.092292491408717,
      "chroma_3": 1.895547770165809,
      "chroma_4": 1.3658010599881352,
      "chroma_5": 0.8782851410902626,
      "chroma_6": 0.8303613749517066,
      "chroma_7": 0.24267532674938694,
      "chroma_8": 0.426841007127252,
      "chroma_9": 0.19992792320936315,
      "chroma_10": 0.13757443795703947,
      "chroma_11": 0.4296306672541789,
      "artist_popularity": -0.09379580992210836,
      "year": -0.8250286473253902,
      "duration_ms": 0.7372736356521391,
      "actual": 81,
      "predicted": 78.435
    },
    {
      "tempo": -1.0976127716439694,
      "mfcc_0": 1.921179268389004,
      "mfcc_1": 1.0797402794268516,
      "mfcc_2": 1.0298842987759076,
      "mfcc_3": 1.3941396727017104,
      "mfcc_4": 0.7787678144569905,
      "mfcc_5": 1.3414567433361801,
      "mfcc_6": 0.5730219803295686,
      "mfcc_7": 1.0899001655359866,
      "mfcc_8": 0.8189340393471181,
      "mfcc_9": 1.6922755485776664,
      "mfcc_10": 1.994051762323464,
      "mfcc_11": 1.29781172933868,
      "mfcc_12": 1.3159295980245238,
      "spectral_0": -0.23948511381171797,
      "spectral_1": -0.4163806467664,
      "spectral_2": -0.4379853703641985,
      "spectral_3": -0.02108228554746415,
      "spectral_4": -0.2575332854767316,
      "spectral_5": -0.2993250612297486,
      "spectral_6": 0.5091426573556235,
      "chroma_0": 0.2669723714957695,
      "chroma_1": 0.2918517748708976,
      "chroma_2": -0.7663143671754548,
      "chroma_3": 0.43155715949984164,
      "chroma_4": 0.20685867282799836,
      "chroma_5": -0.8237894400507734,
      "chroma_6": -0.057338829767428955,
      "chroma_7": 0.8148818256295044,
      "chroma_8": 2.3162147659279895,
      "chroma_9": 1.7087762937774145,
      "chroma_10": 0.19866224966997817,
      "chroma_11": 0.48454017583539444,
      "artist_popularity": 1.1568149890393364,
      "year": 0.641688947919748,
      "duration_ms": 0.4602782015771454,
      "actual": 91,
      "predicted": 77.94
    }
  ]
}