{
  "proportions": {
    "Full": 100.0
  },
  "embeddings": {
    "Full": [
      2.5364065170288086,
      1.8897510766983032,
      2.818282127380371,
      1.7449651956558228,
      1.6576197147369385,
      1.5218194723129272,
      3.6715991497039795,
      2.4567978382110596,
      3.165055274963379,
      3.431201219558716,
      2.4288535118103027,
      2.277200937271118,
      1.8004074096679688,
      3.0627946853637695,
      2.1821799278259277,
      2.0389187335968018,
      2.0331618785858154,
      3.384655237197876,
      2.1501784324645996,
      3.4577035903930664,
      3.332763433456421,
      2.575221300125122,
      1.4947384595870972,
      3.716953992843628,
      2.7437944412231445,
      3.9347360134124756,
      2.197732448577881,
      4.277632236480713,
      2.9453747272491455,
      2.4563095569610596,
      1.949644923210144,
      2.1081857681274414,
      1.1667124032974243,
      3.1600098609924316,
      1.9138706922531128,
      1.260364294052124,
      2.2197821140289307,
      3.542027235031128,
      2.8603556156158447,
      3.4136643409729004,
      2.1461844444274902,
      3.3794634342193604,
      1.916150689125061,
      4.1685380935668945,
      2.4035675525665283,
      1.0349925756454468,
      3.7531607151031494,
      1.2843875885009766,
      2.3431034088134766,
      2.406188488006592,
      2.080876588821411,
      1.5272756814956665,
      1.6343952417373657,
      2.7387092113494873,
      0.6569857001304626,
      2.41361665725708,
      3.3038170337677,
      3.3358659744262695,
      2.1970949172973633,
      1.329593300819397,
      2.187199115753174,
      2.6910343170166016,
      3.3269293308258057,
      1.7897248268127441,
      4.105024337768555,
      2.4512836933135986,
      1.1601972579956055,
      2.326183319091797,
      1.4353891611099243,
      1.3488537073135376,
      0.6544501781463623,
      2.4009878635406494,
      1.5133168697357178,
      3.372791290283203,
      1.3720710277557373,
      2.0918784141540527,
      2.830173969268799,
      2.027207374572754,
      2.287310838699341,
      2.580233573913574,
      3.113842487335205,
      2.543121814727783,
      1.9189879894256592,
      2.546566963195801,
      2.7384192943573,
      1.607490062713623,
      2.352480411529541,
      2.6653573513031006,
      2.7917425632476807,
      0.91629958152771,
      2.031207799911499,
      2.6412360668182373,
      2.788864850997925,
      1.6169168949127197,
      2.585129737854004,
      1.6588609218597412,
      2.6406004428863525,
      2.2665860652923584,
      2.9488017559051514,
      1.5100373029708862,
      2.4210362434387207,
      2.6554763317108154,
      1.7957243919372559,
      0.8846338391304016,
      4.916685581207275,
      2.8710837364196777,
      2.0712873935699463,
      2.8285443782806396,
      2.058114528656006,
      3.524094343185425,
      0.9704476594924927,
      2.9511513710021973,
      2.7355124950408936,
      2.5811150074005127,
      3.343273639678955,
      3.185683012008667,
      2.8205204010009766,
      2.382194757461548,
      2.0864450931549072,
      2.201697587966919,
      2.8206543922424316,
      1.5027871131896973,
      3.1946468353271484,
      1.8216770887374878,
      2.1278018951416016,
      4.744850158691406,
      5.043361186981201,
      2.4861843585968018,
      1.9872089624404907,
      3.848618268966675,
      1.8147026300430298,
      1.912079095840454,
      4.717777252197266,
      2.0892202854156494,
      0.9257774353027344,
      2.9230451583862305,
      1.934797763824463,
      2.0970115661621094,
      2.402952194213867,
      2.6073334217071533,
      1.709170937538147,
      4.741052150726318,
      1.8245651721954346,
      1.275560736656189,
      2.102140188217163,
      2.301018238067627,
      1.8250843286514282,
      1.7027970552444458,
      1.0898433923721313,
      2.1426358222961426,
      2.0584166049957275,
      3.990323066711426,
      3.3675010204315186,
      3.096475124359131,
      2.64638614654541,
      2.3602607250213623,
      1.8934086561203003,
      2.8038413524627686,
      2.4522318840026855,
      1.8616615533828735,
      0.9590011835098267,
      3.761859893798828,
      3.675553560256958,
      1.636679768562317,
      0.5089466571807861,
      1.9314156770706177,
      1.1155866384506226,
      2.1302056312561035,
      1.9372905492782593,
      3.2397818565368652,
      2.003142833709717,
      2.5081770420074463,
      2.5321788787841797,
      1.544002652168274,
      3.4202165603637695,
      2.1485021114349365,
      2.0007872581481934,
      1.5161243677139282,
      2.3808107376098633,
      3.485548734664917,
      2.986837387084961,
      1.1378588676452637,
      0.9934985041618347,
      1.3405755758285522,
      3.1240768432617188,
      4.513875961303711,
      1.7705157995224,
      2.649306058883667,
      3.8304741382598877,
      2.8508553504943848,
      1.9484812021255493,
      2.283682107925415,
      3.062405824661255,
      3.329925537109375,
      2.253068685531616,
      2.8303651809692383,
      2.3896842002868652,
      1.2481616735458374,
      1.338179111480713,
      2.796969175338745,
      1.3775321245193481,
      4.37304162979126,
      3.044675350189209,
      0.6505195498466492,
      2.745978355407715,
      1.5251694917678833,
      1.5855406522750854,
      1.8624835014343262,
      1.0450432300567627,
      2.430030107498169,
      2.8253073692321777,
      3.3570899963378906,
      2.2401559352874756,
      2.828824758529663,
      2.3304784297943115,
      2.9965291023254395,
      2.407085418701172,
      1.8885700702667236,
      2.255521297454834,
      3.2930946350097656,
      2.519796371459961,
      3.485128402709961,
      2.9989514350891113,
      0.9638091325759888,
      0.9163532853126526,
      1.1863163709640503,
      0.9678478837013245,
      2.6006405353546143,
      2.344311475753784,
      2.306194543838501,
      1.677547574043274,
      2.7874484062194824,
      1.236709713935852,
      1.8171499967575073,
      1.756739854812622,
      2.920318603515625,
      3.6840310096740723,
      2.5365068912506104,
      3.006951093673706,
      1.0055011510849,
      3.1757712364196777,
      2.394432783126831,
      2.0830512046813965,
      0.5745217800140381,
      2.8443994522094727,
      1.9178760051727295,
      1.7768049240112305,
      2.8680741786956787,
      1.5742418766021729,
      5.340449333190918,
      2.0864319801330566,
      2.0128417015075684,
      1.3181484937667847,
      2.7185463905334473,
      2.325157642364502,
      1.7549071311950684,
      2.794112205505371,
      2.1810126304626465,
      3.265423059463501,
      2.0423381328582764,
      2.7899386882781982,
      1.8503834009170532,
      1.7174469232559204,
      1.219239592552185,
      1.3882548809051514,
      1.8993496894836426,
      4.403388977050781,
      2.9556450843811035,
      3.265947103500366,
      4.230548858642578,
      2.747159242630005,
      1.5749398469924927,
      1.5549663305282593,
      2.558919906616211,
      2.576169967651367,
      1.556764006614685,
      3.130171060562134,
      3.280550479888916,
      2.72514271736145,
      1.5733306407928467,
      3.4055309295654297,
      2.3429765701293945,
      2.046680212020874,
      1.703407645225525,
      2.946718454360962,
      1.9156131744384766,
      1.9169018268585205,
      1.1792328357696533,
      2.3130276203155518,
      2.641396999359131,
      1.853427767753601,
      1.8134149312973022,
      1.4363937377929688,
      3.327087879180908,
      1.3564635515213013,
      2.161301374435425,
      1.7068980932235718,
      2.7537758350372314,
      1.5698221921920776,
      3.5588951110839844,
      3.3154847621917725,
      2.4228317737579346,
      2.1548423767089844,
      2.6209828853607178,
      2.950291395187378,
      4.311223983764648,
      1.905682921409607,
      1.5783617496490479,
      2.482424259185791,
